domain,title,link,gov_type,last_update
wikipedia.org,Elecciones presidenciales de Estados Unidos de 2024,https://es.wikipedia.org/wiki/Elecciones_presidenciales_de_Estados_Unidos_de_2024,,2017-12-12
as.com,Elecciones Estados Unidos 2024 en vivo: Trump vs. Harris ...,https://us.as.com/actualidad/elecciones-usa/elecciones-estados-unidos-2024-en-vivo-trump-vs-harris-campana-electoral-encuestas-y-ultimas-noticias-en-directo-n/,,2024-10-24
bbc.com,Elecciones en Estados Unidos 2024 - BBC News Mundo,https://www.bbc.com/mundo/topics/c1v8en6r2qgt,,2024-11-11
elpais.com,Calculadora electoral de Estados Unidos - Elecciones USA,https://elpais.com/internacional/elecciones-usa/2024-10-23/calculadora-electoral-de-estados-unidos-que-estados-debe-asegurarse-el-ganador.html,,2024-11-05
usa.gov,Proceso de las elecciones presidenciales de EE. UU.,https://www.usa.gov/es/proceso-eleccion-presidencial,government,2016-04-01
nytimes.com,Encuestas electorales 2024: Harris vs. Trump,https://www.nytimes.com/es/interactive/2024/espanol/estados-unidos/encuesta-elecciones-presidencial.html,,Unknown
elmundo.es,Cuándo son las elecciones de EEUU 2024: fechas clave ...,https://www.elmundo.es/como/2024/10/22/671780c421efa082428b4572.html,,2024-11-04
elpais.com,"Elecciones en Estados Unidos, en vivo | Kamala Harris ...",https://elpais.com/internacional/elecciones-usa/2024-10-25/elecciones-en-estados-unidos-en-vivo.html,,2024-10-25
bbc.com,"Erie, el ""condado bumerán"" que (casi siempre) vota por ...",https://www.bbc.com/mundo/articles/cgl42nlj6r5o,,2024-10-25
usa.gov,Use las guías de votantes y boletas de muestra para ...,https://www.usa.gov/es/candidatos-guias-votar-boletas-muestra,government,2024-01-01
maricopa.gov,¿Qué incluye mi boleta?,https://elections.maricopa.gov/es/candidates/what-is-on-my-ballot.html,government,Unknown
azsos.gov,¿QuÉ contiene mi BOLETA ELECTORAL?,http://apps.azsos.gov/election/BallotMeasures/2024/2024_FolletoPublicitario_E.pdf,government,Unknown
flaglerelections.com,PAPELETA DE MUESTRA OFICIAL,https://www.flaglerelections.com/Portals/Flagler/pdfs/2024/2024-PRI-SB-SP.pdf,,Unknown
votelevy.gov,Pdf document,https://www.votelevy.gov/Portals/Levy/documents/Spanish%20SAMPLE%202024%20General%20Election%20Ballot%20R3-converted.docx?ver=XlJTsSEa0l92mixA1-SuEQ%3D%3D,government,Unknown
clarkcountynv.gov,Fechas Importantes para las Elecciones de 2024,https://www.clarkcountynv.gov/Election%20Department/2024/2024-Dates-SP.pdf,government,Unknown
sbcounty.gov,Elecciones Generales del 2024 – Registro de Votantes del ...,https://elections.sbcounty.gov/es/elections/2024/1105/,government,2025-06-24
votebradfordfl.gov,Official Primary Election Sample Ballot / Boleta Oficial de,https://www.votebradfordfl.gov/Portals/Bradford/2024%20Primary%20Sample_fw.pdf,government,Unknown
harrisvotes.com,SAMPLE BALLOT BOLETA DE MUESTRA,https://files.harrisvotes.com/harrisvotes/prd/SampleBallot/1124_Yellow%20Sample%20Ballot_EN_SP.pdf?sv=2017-04-17&sr=b&si=DNNFileManagerPolicy&sig=6Bq4UIVFC6I7HCE5GZmLGvvHVYyRKrKrZH%2FuKs72o2o%3D,,
usa.gov,"Cómo, cuándo y dónde votar",https://www.usa.gov/es/como-votar-en-estados-unidos,government,
usa.gov,Voto en ausencia y voto por correo,https://www.usa.gov/es/voto-ausente,government,2013-01-01
azcleanelections.gov,Boleta por Correo | Comisión de Elecciones Limpias de los ...,https://www.azcleanelections.gov/es/voting-methods/ballot-by-mail,government,2024-01-01
maricopa.gov,Solicita una boleta por correo,https://elections.maricopa.gov/es/voting/request-mail-ballot.html,government,Unknown
vote411.org,Personalized Ballot Spanish,https://www.vote411.org/es/ballot,,2025-01-01
usa.gov,Use las guías de votantes y boletas de muestra para ...,https://www.usa.gov/es/candidatos-guias-votar-boletas-muestra,government,2024-01-01
vote.gov,Cómo votar en Estados Unidos,https://vote.gov/es/guide-to-voting,government,2024-06-01
vote411.org,Arizona Voting Information,https://www.vote411.org/es/arizona,,2025-07-07
maricopa.gov,¿Dónde puedo votar?,https://elections.maricopa.gov/es/voting/where-to-vote.html,government,Unknown
lavote.gov,Cómo obtener la boleta electoral,https://www.lavote.gov/es/home/voting-elections/opciones-para-votaci%C3%B3n-e-informaci%C3%B3n/militares-y-en-el-extranjero/c%C3%B3mo-obtener-la-boleta-electoral,government,
scielo.org.mx,Opinión de mujeres con interrupción voluntaria ...,http://www.scielo.org.mx/scielo.php?script=sci_arttext&pid=S0041-86332007000300009,,2007-12-01
sld.cu,El aborto dentro del contexto social - SciELO Cuba - Infomed,"http://scielo.sld.cu/scielo.php?script=sci_arttext&pid=S0864-21252010000100014#:~:text=El%20aborto%20es%20un%20fen%C3%B3meno,la%20legalidad%20y%20la%20moralidad.",,2010-03-01
congreso.gob.pe,Argumentos a favor y en contra del Aborto,https://www2.congreso.gob.pe/sicr/cendocbib/con4_uibd.nsf/2610C1CA2E2CC36E05257E310062951E/$FILE/ArgumentosafavoryencontradelAborto.pdf,,
unab.edu.co,Opiniones acerca Del aborto | Quiero ser ...,https://unab.edu.co/opiniones-acerca-del-aborto/,,2006-04-01
mysu.org.uy,¿A favor o en contra del aborto? Conoce las diferentes ...,https://www.mysu.org.uy/multimedia/mysu-en-medio/a-favor-o-en-contra-del-aborto-conoce-las-diferentes-posturas-para-formar-tu-opinion/,,2024-03-12
ipsos.com,Opiniones globales sobre el aborto 2023,https://www.ipsos.com/es-pe/opiniones-globales-sobre-el-aborto-2023,,Unknown
core.ac.uk,Opinión pública sobre interrupción voluntaria del ...,https://core.ac.uk/download/pdf/144554752.pdf,,
saludpublica.mx,Vista de Encuesta de opinión sobre el aborto en la Ciudad ...,https://saludpublica.mx/index.php/spm/article/view/5729/6318,,
scielo.br,Los médicos en formación y el aborto: opinión de ...,https://www.scielo.br/j/csp/a/GdrTNpLQPmcR3GDSSxT7wQN/?lang=es&format=html,,1997-04-17
udp.cl,Opiniones de los chilenos sobre el aborto,https://prepre.udp.cl/cms/wp-content/uploads/2019/08/aborto_chile.pdf,,
amnesty.org,Derecho al aborto - Amnistía Internacional,https://www.amnesty.org/es/what-we-do/sexual-and-reproductive-rights/abortion-facts/,,2024-11-25
usa.gov,Proceso de las elecciones presidenciales de EE. UU.,https://www.usa.gov/es/proceso-eleccion-presidencial,government,2016-04-01
wikipedia.org,Elecciones presidenciales de Estados Unidos de 2024,https://es.wikipedia.org/wiki/Elecciones_presidenciales_de_Estados_Unidos_de_2024,,2017-12-12
elmundo.es,Cuándo son las elecciones de EEUU 2024: fechas clave ...,https://www.elmundo.es/como/2024/10/22/671780c421efa082428b4572.html,,2024-11-04
usa.gov,Cuándo son las elecciones en Estados Unidos,https://www.usa.gov/es/cuando-votar,government,2024-01-01
dallasnews.com,Cuándo son las elecciones para presidente en Estados ...,https://www.dallasnews.com/espanol/al-dia/noticias/2024/10/10/cuando-son-elecciones-usa-trump-kamala-harris/,,2024-10-10
lanacion.com.ar,¿Cuándo son las elecciones presidenciales en Estados ...,https://www.lanacion.com.ar/estados-unidos/cuando-son-las-elecciones-presidenciales-en-estados-unidos-en-2024-nid21102024/,,2024-10-21
cnn.com,Cuándo son las elecciones en EE.UU. 2024,https://cnnespanol.cnn.com/2024/07/22/cuando-son-elecciones-ee-uu-2024-fechas-clave-campana-electoral-orix,,2024-07-22
sbcountyelections.com,Elecciones Primarias Presidenciales de 2024,https://sbcountyelections.com/es/elections/2024/0305/,,2024-03-05
maricopa.gov,Fechas y plazos electorales importantes,https://elections.maricopa.gov/es/voting/election-calendar.html,government,Unknown
vote.gov,Regístrese para votar en su estado,https://vote.gov/es,government,2024-07-01
maricopa.gov,¿Dónde puedo votar?,https://elections.maricopa.gov/es/voting/where-to-vote.html,government,Unknown
maricopa.gov,Inscríbete para votar - Registro electoral,https://elections.maricopa.gov/es/voter-registration/register-to-vote.html,government,Unknown
usa.gov,Encuentre el centro de votación donde le toca votar,https://www.usa.gov/es/encontrar-centro-de-votacion,government,2024-01-01
usa.gov,Averigüe si está registrado para votar en EE. UU.,https://www.usa.gov/es/averigue-si-esta-registrado-para-votar,government,2024-01-01
vote411.org,Arizona Voting Information,https://www.vote411.org/es/arizona,,2025-07-07
vote.gov,Regístrese para votar en las elecciones de EE. UU.,https://vote.gov/es/registrar,government,2024-10-01
wi.gov,Buscar mi lugar de votación,https://myvote.wi.gov/es-es/Find-My-Polling-Place,government,Unknown
vote.gov,Regístrese para votar en su estado,https://vote.gov/es,government,2024-07-01
ine.mx,para votar en las,https://votoextranjero.ine.mx/srve_ciudadano/app/ciudadano/onboard,,Unknown
ine.mx,Ayuda - Sistema de Registro para Votar desde el Extranjero,https://votoextranjero.ine.mx/srve_ciudadano/app/ciudadano/ayuda,,Unknown
houstonchronicle.com,Respaldos para las elecciones de Texas de 2024,https://www.houstonchronicle.com/projects/2024/respaldos-electorales-de-texas/,,2024-10-17
seiu775.org,Respaldos en las elecciones de Washington del 2024,https://seiu775.org/es/2024endorsements/,,2024-06-19
nytimes.com,¿Qué efecto puede tener el respaldo de Taylor Swift a ...,https://www.nytimes.com/es/2024/09/13/espanol/estados-unidos/taylor-swift-apoyo-kamala-harris.html,,Unknown
usa.gov,Elecciones primarias presidenciales y “caucus”,https://www.usa.gov/es/elecciones-primarias-caucus,government,2024-01-01
peoplesalliancepac.org,¿Los candidatos pueden asistir a las reuniones de ...,https://www.peoplesalliancepac.org/_los_candidatos_pueden_asistir_a_las_reuniones_de_respaldo_del_pac_de_pa,,2019-01-01
copalmn.org,COPAL anuncia primer proceso de respaldo de candidatos,https://copalmn.org/es/copal-anuncia-primer-proceso-de-respaldo-de-candidatos/,,2025-01-01
houstonchronicle.com,Guía para votantes de Texas 2024,https://www.houstonchronicle.com/projects/2024/eleccion-guia-electoral-de-texas/,,2024-10-17
oavotes.org,Anuncio de nuestra primera ronda de respaldos para las ...,https://oavotes.org/es/2024/04/announcing-our-first-slate-of-2024-primary-election-endorsements/,,2024-04-08
diariolasamericas.com,Saliente tasador anuncia respaldo al candidato ...,https://www.diariolasamericas.com/florida/saliente-tasador-anuncia-respaldo-al-candidato-republicano-tomas-regalado-n5365417,,2024-10-18
elnuevodia.com,¿Respaldo de Nydia Velázquez y Alexandria Ocasio ...,https://www.elnuevodia.com/noticias/politica/notas/respaldo-de-nydia-velazquez-y-alexandria-ocasio-cortez-para-los-candidatos-de-la-alianza-de-pais/,,2024-10-14
nytimes.com,Estos son los aspirantes a las elecciones presidenciales ...,https://www.nytimes.com/es/interactive/2023/espanol/elecciones-2024-usa-candidatos.html,,Unknown
wikipedia.org,Primarias presidenciales del Partido Republicano de 2024,https://es.wikipedia.org/wiki/Primarias_presidenciales_del_Partido_Republicano_de_2024,,2023-01-08
partidorepublicanodechile.cl,Partido Republicano de Chile,https://partidorepublicanodechile.cl/,,2025-07-14
voteosceola.gov,Candidatos Actuales,https://www.voteosceola.gov/es-us/Candidatos-Actuales,government,Unknown
harrisvotes.com,Candidatos,https://www.harrisvotes.com/es-us/Candidates,,2025-01-01
latimes.com,Más de 200 asistentes de candidatos republicanos ...,https://www.latimes.com/espanol/california/articulo/2024-08-27/mas-de-200-asistentes-de-candidatos-republicanos-anteriores-respaldan-a-kamala-harris,,2024-08-27
epcountyvotes.com,Información Relativa a los Candidatos,https://es.epcountyvotes.com/elected-officials-and-candidate-information/candidate-information,,2025-05-03
cnn.com,Estos son los aspirantes en la carrera por la candidatura ...,https://cnnespanol.cnn.com/2024/01/15/republicanos-aspirantes-elecciones-presidenciales-2024-trax,,2024-01-15
linguee.com,urna electoral - English translation,https://www.linguee.com/spanish-english/translation/urna+electoral.html,,2025-01-01
tureng.com,urna electoral - Spanish English Dictionary,https://tureng.com/en/spanish-english/urna%20electoral,,Unknown
reverso.net,urna electoral - Translation into English - examples Spanish,https://context.reverso.net/translation/spanish-english/urna+electoral,,Unknown
tse.jus.br,Electronic Voting Machine (EVM) — English,https://international.tse.jus.br/en/electronic-ballot-box,,2022-01-01
franklincountywa.gov,FAQs • ¿Que es una urna electoral?,https://franklincountywa.gov/FAQ.aspx?QID=305,government,2023-01-01
urnaelectoral.com,Urna Electoral - El portal de la democracia,https://urnaelectoral.com/,,
wikipedia.org,"Urna - Wikipedia, la enciclopedia libre",https://es.wikipedia.org/wiki/Urna,,2007-05-11
gymglish.com,"Spanish Una urna (electoral, funeraria) meaning in English",https://www.gymglish.com/en/hotel-borbollon/spanish-vocabulary/una-urna-electoral-funeraria,,2025-01-01
adobe.com,Urna electoral Stock Illustration,https://stock.adobe.com/images/urna-electoral/231713803,,1997-01-01
franklincountywa.gov,Urnas Electorales,https://www.franklincountywa.gov/487/Urnas-Electorales,government,2023-05-19
maricopa.gov,¿Dónde puedo votar?,https://elections.maricopa.gov/es/voting/where-to-vote.html,government,Unknown
phoenix.gov,Votar en los Centros de Votación,https://www.phoenix.gov/votar-en-los-centros-de-votaci%C3%B3n,government,Unknown
wi.gov,Buscar mi lugar de votación,https://myvote.wi.gov/es-es/Find-My-Polling-Place,government,Unknown
usa.gov,Encuentre el centro de votación donde le toca votar,https://www.usa.gov/es/encontrar-centro-de-votacion,government,2024-01-01
maricopa.gov,Elecciones del Condado de Maricopa,https://elections.maricopa.gov/es/,government,Unknown
vote411.org,Arizona Voting Information,https://www.vote411.org/es/arizona,,2025-07-07
phoenix.gov,8 de Noviembre de 2022 - Opciones para Votar,https://www.phoenix.gov/cityclerk/elecciones/elecciones-noviembre-22/opciones-para-votar-22,government,2025-07-14
usa.gov,"Cómo, cuándo y dónde votar",https://www.usa.gov/es/como-votar-en-estados-unidos,government,
harrisvotes.com,Centros de Votación,https://www.harrisvotes.com/es-us/Vote-Centers,,
vote.gov,Regístrese para votar en su estado,https://vote.gov/es,government,2024-07-01
usa.gov,Encuentre el centro de votación donde le toca votar,https://www.usa.gov/es/encontrar-centro-de-votacion,government,2024-01-01
wi.gov,Buscar mi lugar de votación,https://myvote.wi.gov/es-es/Find-My-Polling-Place,government,Unknown
usa.gov,"Cómo, cuándo y dónde votar",https://www.usa.gov/es/como-votar-en-estados-unidos,government,
maricopa.gov,¿Dónde puedo votar?,https://elections.maricopa.gov/es/voting/where-to-vote.html,government,Unknown
vote.gov,Cómo votar en Estados Unidos,https://vote.gov/es/guide-to-voting,government,2024-06-01
vote411.org,Arizona Voting Information,https://www.vote411.org/es/arizona,,2025-07-07
maricopa.gov,Inscríbete para votar - Registro electoral,https://elections.maricopa.gov/es/voter-registration/register-to-vote.html,government,Unknown
vote.gov,Regístrese para votar en su estado,https://vote.gov/es,government,2024-07-01
ca.gov,Dónde y cómo votar - California Secretary of State - CA.gov,https://www.sos.ca.gov/elections/voting-resources/voting-california/spanish/where-how-vote,government,2025-01-01
votoextranjero.mx,Voto presencial,https://votoextranjero.mx/web/vmre/voto-presencial,,2017-01-01
ine.mx,Cómputos 2024,https://computos2024.ine.mx/,,2024-01-01
resultadosconvzla.com,Resultados Elecciones Presidenciales,https://resultadosconvzla.com/,,2024-01-01
ine.mx,Presidencia - Nacional - Votos por Candidatura,https://prep2024.ine.mx/publicacion/nacional/presidencia/nacional/candidatura,,2024-01-01
maricopa.gov,Resultados electorales,https://elections.maricopa.gov/es/results-and-data/election-results.html,government,2025-04-28
ocfelections.com,Resultados de las elecciones y participación,https://es.ocfelections.com/election-results-and-turnout,,2024-06-18
maricopa.gov,Resultados no oficiales de la Elección Primaria del 2024 ...,https://elections.maricopa.gov/es/news-and-information/elections-news/unofficial-primary-2024-results-updated-8-5-2024.html,government,Unknown
jce.gob.do,Resultados Elecciones Generales Ordinarias Presidenciales ...,https://elecciones2024.jce.gob.do/,,2025-01-01
voteosceola.gov,2024 Resultados de Elecciones,https://www.voteosceola.gov/es-us/Resultados-de-Elecciones/Resultados-de-Elecciones-2024,government,Unknown
europa.eu,Resultados de las elecciones europeas de 2024,https://results.elections.europa.eu/es/,,Unknown
maricopa.gov,¿Dónde puedo votar?,https://elections.maricopa.gov/es/voting/where-to-vote.html,government,Unknown
phoenix.gov,Opciones para votar - Elecciones de noviembre 20,https://www.phoenix.gov/cityclerk/elecciones/elecciones-noviembre-20/opciones-para-votar,government,2025-07-14
phoenix.gov,Votar en los Centros de Votación,https://www.phoenix.gov/votar-en-los-centros-de-votaci%C3%B3n,government,Unknown
maricopa.gov,Lista de votación anticipada activa,https://elections.maricopa.gov/es/voting/active-early-voting-list.html,government,Unknown
vote411.org,Arizona Voting Information,https://www.vote411.org/es/arizona,,2025-07-07
azcleanelections.gov,When are in-person early voting locations available?,https://www.azcleanelections.gov/es/in-person-early-voting,government,2024-01-01
arizona.vote,home SP,https://www.arizona.vote/home-sp,,Unknown
azcleanelections.gov,Votantes sin dirección | Comisión de Elecciones Limpias ...,https://www.azcleanelections.gov/es/how-to-vote/voters-without-an-address,government,2024-01-01
glendaleaz.com,Elecciones,https://www.glendaleaz.com/your_government/connect/departments/city_clerk/elecciones,government affiliated,2024-10-29
usa.gov,"Cómo, cuándo y dónde votar",https://www.usa.gov/es/como-votar-en-estados-unidos,government,
maricopa.gov,¿Dónde puedo votar?,https://elections.maricopa.gov/es/voting/where-to-vote.html,government,Unknown
phoenix.gov,Votar en los Centros de Votación,https://www.phoenix.gov/votar-en-los-centros-de-votaci%C3%B3n,government,Unknown
wi.gov,Buscar mi lugar de votación,https://myvote.wi.gov/es-es/Find-My-Polling-Place,government,Unknown
usa.gov,Encuentre el centro de votación donde le toca votar,https://www.usa.gov/es/encontrar-centro-de-votacion,government,2024-01-01
phoenix.gov,8 de Noviembre de 2022 - Opciones para Votar,https://www.phoenix.gov/cityclerk/elecciones/elecciones-noviembre-22/opciones-para-votar-22,government,2025-07-14
maricopa.gov,Elecciones del Condado de Maricopa,https://elections.maricopa.gov/es/,government,Unknown
vote411.org,Arizona Voting Information,https://www.vote411.org/es/arizona,,2025-07-07
azcleanelections.gov,Votantes sin dirección | Comisión de Elecciones Limpias ...,https://www.azcleanelections.gov/es/how-to-vote/voters-without-an-address,government,2024-01-01
usa.gov,"Cómo, cuándo y dónde votar",https://www.usa.gov/es/como-votar-en-estados-unidos,government,
vote.gov,Regístrese para votar en su estado,https://vote.gov/es,government,2024-07-01
nytimes.com,El debate sobre el aborto en EE. UU. cambia mientras se ...,https://www.nytimes.com/es/2024/06/25/espanol/aborto-roe-wade-embarazo-salud.html,,Unknown
latimes.com,El aborto es el tema electoral que más preocupa a mujeres ...,https://www.latimes.com/espanol/noticas-mas/articulo/2024-10-11/el-aborto-es-el-tema-electoral-que-mas-preocupa-a-mujeres-estadounidenses-menores-de-30-anos,,2024-10-11
kffhealthnews.org,El aborto es el tema electoral más importante para las ...,https://kffhealthnews.org/news/article/el-aborto-es-el-tema-electoral-mas-importante-para-las-mujeres-jovenes-segun-una-encuesta/,,2024-10-17
calmatters.org,El aborto no está en la boleta electoral en California pero ...,https://calmatters.org/calmatters-en-espanol/2024/10/democratas-contiendas-derecho-aborto-amenazado-boleta-electoral-candidatos-california/,,2024-10-15
alligator.org,Estudiantes y candidatos citan el derecho al aborto como ...,https://www.alligator.org/article/2022/11/el-aborto-tema-electoral-gainesville-florida,,2025-07-17
vozdeamerica.com,Los votantes de Arizona y Montana podrán decidir sobre el ...,https://www.vozdeamerica.com/a/los-votantes-de-arizona-y-montana-podran-decidir-sobre-el-derecho-constitucional-al-aborto/7751150.html,,2024-08-21
france24.com,"Derecho al aborto, ¿un parteaguas en las presidenciales ...",https://www.france24.com/es/ee-uu-y-canad%C3%A1/20241021-derecho-al-aborto-un-parteaguas-en-las-presidenciales-estadounidenses,,2024-10-21
sandiegouniontribune.com,El aborto se convierte en un tema prioritario para los ...,https://www.sandiegouniontribune.com/en-espanol/noticias/estados-unidos/articulo/2022-08-23/el-aborto-se-convierte-en-un-tema-prioritario-para-los-votantes-de-eeuu/,,2022-08-23
apnews.com,EEUU: Demócratas esperan que recientes sentencias ...,https://apnews.com/politics/general-news-4c28acbc750ba2d0a3d700dde0fd0ac3,,2024-10-14
youtube.com,El aborto supera a la economía como el tema que más ...,https://www.youtube.com/watch?v=lCUXu7T0m3E,,2024-10-15
ine.mx,Resultados Electorales - Instituto Nacional ...,https://ine.mx/voto-y-elecciones/resultados-electorales/,,2025-04-04
maricopa.gov,Resultados electorales,https://elections.maricopa.gov/es/results-and-data/election-results.html,government,2025-04-28
resultadosconvzla.com,Resultados Elecciones Presidenciales,https://resultadosconvzla.com/,,2024-01-01
ine.mx,Cómputos 2024,https://computos2024.ine.mx/,,2024-01-01
usa.gov,Resultados de las elecciones,https://www.usa.gov/es/resultados-elecciones-estados-unidos,government,2020-01-01
registraduria.gov.co,Histórico de resultados electorales,https://www.registraduria.gov.co/-Historico-de-resultados-electorales-.html,,2024-01-01
cne.gob.ec,Resultados Electorales,https://www.cne.gob.ec/resultados-electorales/,,Unknown
servel.cl,Resultados electorales Históricos,https://www.servel.cl/centro-de-datos/resultados-electorales-historicos-gw3/,,2022-12-29
interior.gob.es,Resultados electorales - Infoelectoral - Ministerio del Interior,https://infoelectoral.interior.gob.es/es/elecciones-celebradas/resultados-electorales/,,Unknown
maricopa.gov,¿Qué incluye mi boleta?,https://elections.maricopa.gov/es/candidates/what-is-on-my-ballot.html,government,Unknown
usa.gov,Use las guías de votantes y boletas de muestra para ...,https://www.usa.gov/es/candidatos-guias-votar-boletas-muestra,government,2024-01-01
azsos.gov,¿QuÉ contiene mi BOLETA ELECTORAL?,http://apps.azsos.gov/election/BallotMeasures/2024/2024_FolletoPublicitario_E.pdf,government,Unknown
flaglerelections.com,PAPELETA DE MUESTRA OFICIAL,https://www.flaglerelections.com/Portals/Flagler/pdfs/2024/2024-PRI-SB-SP.pdf,,Unknown
clarkcountynv.gov,Fechas Importantes para las Elecciones de 2024,https://www.clarkcountynv.gov/Election%20Department/2024/2024-Dates-SP.pdf,government,Unknown
votelevy.gov,Pdf document,https://www.votelevy.gov/Portals/Levy/documents/Spanish%20SAMPLE%202024%20General%20Election%20Ballot%20R3-converted.docx?ver=XlJTsSEa0l92mixA1-SuEQ%3D%3D,government,Unknown
usa.gov,"Cómo, cuándo y dónde votar",https://www.usa.gov/es/como-votar-en-estados-unidos,government,
sbcounty.gov,Elecciones Generales del 2024 – Registro de Votantes del ...,https://elections.sbcounty.gov/es/elections/2024/1105/,government,2025-06-24
harrisvotes.com,SAMPLE BALLOT BOLETA DE MUESTRA,https://files.harrisvotes.com/harrisvotes/prd/SampleBallot/1124_Yellow%20Sample%20Ballot_EN_SP.pdf?sv=2017-04-17&sr=b&si=DNNFileManagerPolicy&sig=6Bq4UIVFC6I7HCE5GZmLGvvHVYyRKrKrZH%2FuKs72o2o%3D,,
nebraska.gov,"JUECES BOLETA DE MUESTRA ELECCIÓN GENERAL, ...",https://sos.nebraska.gov/sites/default/files/doc/elections/2024/Sample_Ballots/General/Spanish-Judges.pdf,government,
usa.gov,Directorio de oficinas de elecciones estatales y locales,https://www.usa.gov/es/oficina-elecciones-estatal-local,government,
usa.gov,Encuentre el centro de votación donde le toca votar,https://www.usa.gov/es/encontrar-centro-de-votacion,government,2024-01-01
vote411.org,Arizona Voting Information,https://www.vote411.org/es/arizona,,2025-07-07
maricopa.gov,¿Dónde puedo votar?,https://elections.maricopa.gov/es/voting/where-to-vote.html,government,Unknown
wi.gov,Buscar mi lugar de votación,https://myvote.wi.gov/es-es/Find-My-Polling-Place,government,Unknown
vote.gov,Regístrese para votar en las elecciones de EE. UU.,https://vote.gov/es/registrar,government,2024-10-01
maricopa.gov,Inscríbete para votar - Registro electoral,https://elections.maricopa.gov/es/voter-registration/register-to-vote.html,government,Unknown
vote.gov,Regístrese para votar en su estado,https://vote.gov/es,government,2024-07-01
eac.gov,Preguntas electorales más frecuentes,https://www.eac.gov/sites/default/files/2024-01/Voter_FAQs_SPA.pdf,government,
state.tx.us,Solicitud de Boleta por Correo,https://www.sos.state.tx.us/elections/voter/reqabbm-sp.shtml,,2023-01-01
maricopa.gov,Solicita una boleta por correo,https://elections.maricopa.gov/es/voting/request-mail-ballot.html,government,Unknown
usa.gov,Voto en ausencia y voto por correo,https://www.usa.gov/es/voto-ausente,government,2013-01-01
allvotingislocal.org,Cómo votar por correo en Florida,https://allvotingislocal.org/como-votar-por-correo-florida/,,Unknown
nj.gov,SOLICITUD DE BOLETA PARA VOTAR POR CORREO - NJ.gov,https://www.nj.gov/state/elections/assets/pdf/forms-vote-by-mail/vote-by-mail-spanish-somerset.pdf,government,
dallascountyvotes.org,Solicitar una Boleta por Correo,https://www.dallascountyvotes.org/vote-by-mail/apply/?lang=es,,Unknown
votetexas.gov,Votación: Una guía de información: Quién,https://www.votetexas.gov/mobile-es/votacion/votacion-por-correo.htm,government,
ocfelections.com,Voto por correo,https://es.ocfelections.com/vote-by-mail,,2024-04-24
usvotefoundation.org,¿Cómo puedo obtener una boleta para votar por correo?,https://voterhelpdesk.usvotefoundation.org/es/support/solutions/articles/151000049127--c%C3%B3mo-puedo-obtener-una-boleta-para-votar-por-correo-,,2025-07-17
scielo.org.mx,Opinión de mujeres con interrupción voluntaria ...,http://www.scielo.org.mx/scielo.php?script=sci_arttext&pid=S0041-86332007000300009,,2007-12-01
sld.cu,El aborto dentro del contexto social - SciELO Cuba - Infomed,"http://scielo.sld.cu/scielo.php?script=sci_arttext&pid=S0864-21252010000100014#:~:text=El%20aborto%20es%20un%20fen%C3%B3meno,la%20legalidad%20y%20la%20moralidad.",,2010-03-01
congreso.gob.pe,Argumentos a favor y en contra del Aborto,https://www2.congreso.gob.pe/sicr/cendocbib/con4_uibd.nsf/2610C1CA2E2CC36E05257E310062951E/$FILE/ArgumentosafavoryencontradelAborto.pdf,,
unab.edu.co,Opiniones acerca Del aborto | Quiero ser ...,https://unab.edu.co/opiniones-acerca-del-aborto/,,2006-04-01
mysu.org.uy,¿A favor o en contra del aborto? Conoce las diferentes ...,https://www.mysu.org.uy/multimedia/mysu-en-medio/a-favor-o-en-contra-del-aborto-conoce-las-diferentes-posturas-para-formar-tu-opinion/,,2024-03-12
ipsos.com,Opiniones globales sobre el aborto 2023,https://www.ipsos.com/es-pe/opiniones-globales-sobre-el-aborto-2023,,Unknown
core.ac.uk,Opinión pública sobre interrupción voluntaria del ...,https://core.ac.uk/download/pdf/144554752.pdf,,
saludpublica.mx,Vista de Encuesta de opinión sobre el aborto en la Ciudad ...,https://saludpublica.mx/index.php/spm/article/view/5729/6318,,
scielo.br,Los médicos en formación y el aborto: opinión de ...,https://www.scielo.br/j/csp/a/GdrTNpLQPmcR3GDSSxT7wQN/?lang=es&format=html,,1997-04-17
udp.cl,Opiniones de los chilenos sobre el aborto,https://prepre.udp.cl/cms/wp-content/uploads/2019/08/aborto_chile.pdf,,
amnesty.org,Derecho al aborto - Amnistía Internacional,https://www.amnesty.org/es/what-we-do/sexual-and-reproductive-rights/abortion-facts/,,2024-11-25
ine.mx,Servicio Profesional Electoral Nacional,https://portalanterior.ine.mx/archivos3/portal/historico/contenido/interiores/Menu_Principal-id-DESPEN_Que_es/,,2000-01-01
npr.org,"Swing state map: Polls move in Trump's direction, but the ...",https://www.npr.org/2024/10/15/nx-s1-5153420/swing-state-map-donald-trump-kamala-harris-polls,,2024-10-15
reuters.com,"2024 U.S. Elections News | Top Headlines, Latest Polls & ...",https://www.reuters.com/world/us/elections/,,Unknown
te.gob.mx,Carrera Judicial y convocatorias,https://www.te.gob.mx/eje/front/Carrera,,2016-01-01
youtube.com,Carrera electoral en Estados Unidos: DNews desde la ...,https://www.youtube.com/watch?v=iofD_QIcih0,,2024-07-18
apnews.com,Election 2024: Latest Campaign News and Analysis,https://apnews.com/hub/election-2024,,2023-03-07
reverso.net,"Translation of ""carrera electoral"" in English",https://context.reverso.net/translation/spanish-english/carrera+electoral,,Unknown
barrons.com,"Biden Permanece ""Absolutamente"" En La Carrera ...",https://www.barrons.com/articles/biden-permanece-absolutamente-en-la-carrera-electoral-directora-de-campana-4882ade6,,Unknown
dw.com,Por qué los juicios no frenan la carrera electoral de Trump,https://www.dw.com/es/por-qu%C3%A9-los-juicios-no-frenan-la-carrera-electoral-de-trump/a-67793181,,2023-12-21
usa.gov,Encuentre el centro de votación donde le toca votar,https://www.usa.gov/es/encontrar-centro-de-votacion,government,2024-01-01
wi.gov,Buscar mi lugar de votación,https://myvote.wi.gov/es-es/Find-My-Polling-Place,government,Unknown
maricopa.gov,¿Dónde puedo votar?,https://elections.maricopa.gov/es/voting/where-to-vote.html,government,Unknown
usa.gov,"Cómo, cuándo y dónde votar",https://www.usa.gov/es/como-votar-en-estados-unidos,government,
vote411.org,Arizona Voting Information,https://www.vote411.org/es/arizona,,2025-07-07
vote.gov,Regístrese para votar en su estado,https://vote.gov/es,government,2024-07-01
vote.gov,Cómo votar en Estados Unidos,https://vote.gov/es/guide-to-voting,government,2024-06-01
azcleanelections.gov,Lugar de votación | Comisión de Elecciones Limpias de los ...,https://www.azcleanelections.gov/es/how-to-vote/election-day/polling-place,government,2024-01-01
maricopa.gov,Inscríbete para votar - Registro electoral,https://elections.maricopa.gov/es/voter-registration/register-to-vote.html,government,Unknown
ine.mx,Candidatos Independientes - Instituto Nacional Electoral,https://ine.mx/actores-politicos/candidatos-independientes/,,2025-05-21
wikipedia.org,"Candidato independiente - Wikipedia, la enciclopedia libre",https://es.wikipedia.org/wiki/Candidato_independiente,,2005-08-03
ine.mx,"Requisitos, derechos y obligaciones",https://ine.mx/actores-politicos/candidatos-independientes/requisitos/,,2025-06-23
gobernacion.gob.mx,Candidatura Independiente,http://sil.gobernacion.gob.mx/Glosario/definicionpop.php?ID=253,,2003-01-01
te.gob.mx,Bienvenido a Candidaturas independientes,https://www.te.gob.mx/candidaturas-independientes/,,
wikipedia.org,Candidato independiente en México,https://es.wikipedia.org/wiki/Candidato_independiente_en_M%C3%A9xico,,2016-07-04
virginia.gov,Cómo postularse como candidatos independientes u ...,https://www.elections.virginia.gov/media/candidatesandpacs/2024-candidate-bulletins/translations/2023-11-05-Presidential-Independent-and-Third-Party-Candidates-Bulletin_FINAL_ES.pdf,government,
diputados.gob.mx,Candidaturas Independientes,https://www.diputados.gob.mx/sedia/sia/spi/SAPI-ISS-09-11.pdf,,
servel.cl,Requisitos e inhabilidades candidatos independientes,https://www.servel.cl/partidos-politicos/requisitos-e-inhabilidades-candidatos-independientes/,,2022-12-30
cnn.com,"Elecciones de EE.UU. en 2024, en vivo: última hora y ...",https://cnnespanol.cnn.com/2024/10/25/noticias-elecciones-eeuu-2024-trump-harris-en-vivo-trax-5/,,2024-10-25
bbc.com,"Erie, el ""condado bumerán"" que (casi siempre) vota por ...",https://www.bbc.com/mundo/articles/cgl42nlj6r5o,,2024-10-25
cnn.com,Elecciones en Estados Unidos,https://cnnespanol.cnn.com/category/elecciones-estados-unidos/,,2025-07-17
latimes.com,Los medios de comunicación no organizan las elecciones ...,https://www.latimes.com/espanol/eeuu/articulo/2024-10-25/los-medios-de-comunicacion-no-organizan-las-elecciones-de-eeuu-por-que-anuncian-a-los-ganadores,,2024-10-25
elpais.com,Elecciones México,https://elpais.com/noticias/elecciones-mexico/,,2025-07-10
usa.gov,Votaciones y elecciones,https://www.usa.gov/es/votaciones-y-elecciones,government,2024-01-01
harrisvotes.com,Resultados de Elecciónes,https://www.harrisvotes.com/es-us/Election-Results,,2025-01-01
publicgoodnews.com,Estos estados votarán por los derechos al aborto,https://publicgoodnews.com/2024/10/16/aborto-eeuu-elecciones-boleta-electoral-enmienda/,,2024-10-16
calmatters.org,El aborto no está en la boleta electoral en California pero ...,https://calmatters.org/calmatters-en-espanol/2024/10/democratas-contiendas-derecho-aborto-amenazado-boleta-electoral-candidatos-california/,,2024-10-15
latimes.com,Arizona y Missouri se unen a 5 estados e incluirán el ...,https://www.latimes.com/espanol/eeuu/articulo/2024-08-14/arizona-y-missouri-se-unen-a-5-estados-e-incluiran-el-aborto-en-la-boleta-cuales-son-los-otros,,2024-08-14
floridiansprotectingfreedom.com,El Tribunal Supremo de Florida determina que la ...,https://floridiansprotectingfreedom.com/es/el-tribunal-supremo-de-florida-determina-que-la-enmienda-sobre-el-aborto-estara-en-la-boleta-elect/,,2024-04-01
lavozarizona.com,Medida electoral de aborto enAZ obtiene firmas para ...,https://www.lavozarizona.com/story/noticias/2024/08/13/medida-sobre-el-aborto-obtiene-firmas-para-aparecer-en-la-boleta-de-az/74780558007/,,2024-08-13
radiobilingue.org,Latinos en Colorado apoyan el aborto en la boleta,https://radiobilingue.org/es/news/latinos-en-colorado-apoyan-el-aborto-en-la-boleta,,2024-10-24
telemundo.com,Los 10 estados en los que el derecho al aborto estará ...,https://www.telemundo.com/noticias/noticias-telemundo/elecciones-estados-unidos-2024/10-estados-derecho-aborto-boletas-electorales-noviembre-rcna169098,,2024-08-31
vozdeamerica.com,Dónde estará el aborto en la boleta electoral de 2024 en ...,https://www.vozdeamerica.com/a/donde-estara-el-aborto-en-la-boleta-electoral-de-2024-en-eeuu/7742566.html,,2024-08-14
telemundowashingtondc.com,¿Qué estados podrían incluir el aborto en la boleta ...,https://www.telemundowashingtondc.com/noticias/eeuu/estados-incluir-aborto-boleta-electoral-2024/2273717/,,2024-07-06
azpbs.org,La iniciativa sobre el aborto en la boleta de Arizona ...,https://cronkitenews.azpbs.org/2024/09/09/propuesta-139-que-significaria-la-iniciativa-electoral-de-arizona-para-el-acceso-al-aborto/,,2024-09-09
maricopa.gov,¿Qué incluye mi boleta?,https://elections.maricopa.gov/es/candidates/what-is-on-my-ballot.html,government,Unknown
whosontheballot.org,Acerca del proyecto “Quién está en la boleta”,http://whosontheballot.org/es/about/,,2025-01-01
vote411.org,Arizona Voting Information,https://www.vote411.org/es/arizona,,2025-07-07
usa.gov,Elecciones presidenciales generales,https://www.usa.gov/es/elecciones-presidenciales-generales,government,2024-01-01
vote411.org,Información Electoral que Necesita,https://www.vote411.org/es,,2025-01-01
yahoo.com,Identifica qué candidatos estarán en la boleta electoral con ...,https://es-us.noticias.yahoo.com/identifica-candidatos-estar%C3%A1n-boleta-electoral-200000797.html,,2024-05-27
usa.gov,Use las guías de votantes y boletas de muestra para ...,https://www.usa.gov/es/candidatos-guias-votar-boletas-muestra,government,2024-01-01
headcount.org,Su boleta,https://www.headcount.org/es/your-ballot/,,2025-05-23
azsos.gov,¿QuÉ contiene mi BOLETA ELECTORAL?,http://apps.azsos.gov/election/BallotMeasures/2024/2024_FolletoPublicitario_E.pdf,government,Unknown
maricopa.gov,Estatus de una boleta provisional,https://elections.maricopa.gov/es/voting/provisional-ballot-status.html,government,Unknown
picturingtheamericas.org,Atardecer en el mar (la ola roja) (Late Afternoon by the Sea ...,https://picturingtheamericas.org/painting/atardecer-en-el-mar-la-ola-roja/,,2025-01-01
hamariweb.com,Ola Ramadan Timings 2024 Calendar - Today Sehri and ...,https://hamariweb.com/islam/ola_ramadan-timing176298.aspx,,2025-07-17
nytimes.com,Elecciones en EE. UU.: una contienda reñida sin ...,https://www.nytimes.com/es/2024/10/14/espanol/estados-unidos/elecciones-trump-harris-empatados-encuestas.html,,Unknown
youtube.com,"""La ola roja que no fue"": 'Politico' sobre los resultados de las ...",https://www.youtube.com/watch?v=LkQMB3JOchg,,2022-11-09
politico.com,The red wave that wasn't: 5 takeaways from a ...,https://www.politico.com/news/2022/11/09/2022-election-results-analysis-and-takeaways-00065878,,Unknown
newswire.ca,Orla Mining Starts 2024 with Continued Strong Operating ...,https://www.newswire.ca/news-releases/orla-mining-starts-2024-with-continued-strong-operating-performance-at-camino-rojo-829331966.html,,2024-04-10
condadovanderbilt.com,Ola Monthly Brunch MAY 2024 menu copy-rev,https://www.condadovanderbilt.com/pdf/ola-monthly-brunch.pdf,,2025-06-27
redcross.org,Una ola de calor a finales de agosto afectará a millones de ...,https://www.redcross.org/cruz-roja/nosotros/noticias-y-eventos/articulos-de-noticias/2024/el-calor-extremo-puede-ser-mortal-siga-estas-medidas-de-seguridad.html,government affiliated,2024-08-26
instagram.com,"Finally, I gifted myself an Ola S1 Pro scooter for my birthday ...",https://www.instagram.com/rojabhaskar_/p/C_3rPvpT7Bu/,,2024-09-13
nytimes.com,Estos son los aspirantes a las elecciones presidenciales ...,https://www.nytimes.com/es/interactive/2023/espanol/elecciones-2024-usa-candidatos.html,,Unknown
wikipedia.org,Elecciones presidenciales de Estados Unidos de 2024,https://es.wikipedia.org/wiki/Elecciones_presidenciales_de_Estados_Unidos_de_2024,,2017-12-12
ine.mx,"Candidatas y Candidatos, Conóceles Locales 2024",https://ine.mx/voto-y-elecciones/elecciones-2024/candidatas-y-candidatos-locales-2024/,,2025-04-04
servel.cl,Elecciones 2024 – Servicio Electoral de Chile,https://www.servel.cl/elecciones-2024/,,2025-04-03
rtve.es,Elecciones EE.UU. 2024: todas las claves que ...,https://www.rtve.es/noticias/20241019/elecciones-estados-unidos-2024-cuando-quienes-candidatos-estados-claves/16284085.shtml,,2024-10-19
sbcountyelections.com,Elecciones Primarias Presidenciales de 2024,https://sbcountyelections.com/es/elections/2024/0305/,,2024-03-05
bbc.com,Elecciones en Estados Unidos 2024 - BBC News Mundo,https://www.bbc.com/mundo/topics/c1v8en6r2qgt,,2024-11-11
gob.cl,Revisa quiénes son los candidatos en las Elecciones 2024,https://www.gob.cl/noticias/revisa-aqui-los-candidatos-elecciones-2024/,,Unknown
usa.gov,Proceso de las elecciones presidenciales de EE. UU.,https://www.usa.gov/es/proceso-eleccion-presidencial,government,2016-04-01
usa.gov,Proceso de las elecciones presidenciales de EE. UU.,https://www.usa.gov/es/elecciones-presidenciales-estados-unidos,government,
usa.gov,Proceso de las elecciones presidenciales de EE. UU.,https://www.usa.gov/es/proceso-eleccion-presidencial,government,2016-04-01
vote.gov,Regístrese para votar en su estado,https://vote.gov/es,government,2024-07-01
wikipedia.org,Elecciones presidenciales de Estados Unidos de 2024,https://es.wikipedia.org/wiki/Elecciones_presidenciales_de_Estados_Unidos_de_2024,,2017-12-12
nytimes.com,Estos son los aspirantes a las elecciones presidenciales ...,https://www.nytimes.com/es/interactive/2023/espanol/elecciones-2024-usa-candidatos.html,,Unknown
bbc.com,Cómo se elige al presidente y por qué no siempre gana el ...,https://www.bbc.com/mundo/articles/cdx9ky4weyvo,,2024-10-21
elpais.com,Calculadora electoral de Estados Unidos - Elecciones USA,https://elpais.com/internacional/elecciones-usa/2024-10-23/calculadora-electoral-de-estados-unidos-que-estados-debe-asegurarse-el-ganador.html,,2024-11-05
bbc.com,Elecciones en Estados Unidos 2024 - BBC News Mundo,https://www.bbc.com/mundo/topics/c1v8en6r2qgt,,2024-11-11
vote.gov,Regístrese para votar en las elecciones de EE. UU.,https://vote.gov/es/registrar,government,2024-10-01
usa.gov,Proceso de las elecciones presidenciales de EE. UU.,https://www.usa.gov/es/proceso-eleccion-presidencial,government,2016-04-01
maricopa.gov,Fechas y plazos electorales importantes,https://elections.maricopa.gov/es/voting/election-calendar.html,government,Unknown
usa.gov,Cuándo son las elecciones en Estados Unidos,https://www.usa.gov/es/cuando-votar,government,2024-01-01
elmundo.es,Cuándo son las elecciones de EEUU 2024: fechas clave ...,https://www.elmundo.es/como/2024/10/22/671780c421efa082428b4572.html,,2024-11-04
nycvotes.org,Día de las elecciones,https://spanish.nycvotes.org/how-to-vote/election-day/,,2025-01-01
pa.gov,Próximas elecciones | Voting & Election Information,https://www.pa.gov/en/agencies/vote/recursos-en-espanol/elections-spanish/upcoming-elections-spanish.html,government,2025-05-05
lakecountyil.gov,Elecciones generales del 5 de noviembre del 2024,https://www.lakecountyil.gov/4139/Elecciones-generales-del-5-de-noviembre-,government,Unknown
nycvotes.org,Calendario electoral,https://spanish.nycvotes.org/how-to-vote/elections-calendar/,,2025-01-01
maricopa.gov,Resultados electorales,https://elections.maricopa.gov/es/results-and-data/election-results.html,government,2025-04-28
ine.mx,Resultados Electorales - Instituto Nacional ...,https://ine.mx/voto-y-elecciones/resultados-electorales/,,2025-04-04
resultadosconvzla.com,Resultados Elecciones Presidenciales,https://resultadosconvzla.com/,,2024-01-01
usa.gov,Resultados de las elecciones,https://www.usa.gov/es/resultados-elecciones-estados-unidos,government,2020-01-01
servel.cl,Resultados electorales Históricos,https://www.servel.cl/centro-de-datos/resultados-electorales-historicos-gw3/,,2022-12-29
ine.mx,Cómputos 2024,https://computos2024.ine.mx/,,2024-01-01
cne.gob.ec,Resultados Electorales,https://www.cne.gob.ec/resultados-electorales/,,Unknown
registraduria.gov.co,Histórico de resultados electorales,https://www.registraduria.gov.co/-Historico-de-resultados-electorales-.html,,2024-01-01
interior.gob.es,Resultados electorales - Infoelectoral - Ministerio del Interior,https://infoelectoral.interior.gob.es/es/elecciones-celebradas/resultados-electorales/,,Unknown
ca.gov,Centros de votación y lugares para entregar la boleta - ...,https://voterstatus.sos.ca.gov/ES/VoteCenters/5030?pagenumber=2,government,2025-01-01
ocvote.gov,Entrega de Boletas - Preguntas Frecuentes (FAQs),https://ocvote.gov/es/faqs/ballot-pickup-faqs,government,2020-01-01
lavote.gov,Entrega de Voto Por Correo,https://www.lavote.gov/es/home/voting-elections/voting-options/vote-by-mail/vbm-ballot-drop-off,government,2017-01-01
countyofventura.org,Ubicaciones de Las Cajas de Entrega de Boletas,https://recorder.countyofventura.org/wp-content/uploads/2023/09/DBL_Spanish.pdf,,Unknown
sdvote.com,Ballot Drop Box Locations,https://www.sdvote.com/content/rov/es/elections/current_election1/ballot-drop-box-locations.html,,2022-01-01
countyofmonterey.gov,"Lugares De Entrega De Boletas | County of Monterey, CA",https://www.countyofmonterey.gov/government/departments-a-h/elections/elecciones/lugares-de-votaci-n/lugares-de-entrega-de-boletas/,government,Unknown
elsoldeyakima.com,"Preguntas, respuestas sobre la entrega, recolección de ...",https://www.elsoldeyakima.com/noticias/preguntas-respuestas-sobre-la-entrega-recolecci-n-de-boletas-en-el-condado-de-yakima/article_29bea5aa-a80c-5611-8fe1-4ab75a06fe0c.html,,Unknown
tvazteca.com,¿Cuándo entregan boletas de la SEP 2024 y cómo ...,https://www.tvazteca.com/aztecauno/cuando-entregan-boletas-la-sep-2024-y-como-consultarlas-en-linea,,2024-06-21
lpderecho.pe,sobre boletas de pago,https://img.lpderecho.pe/wp-content/uploads/2023/08/Guia-sobre-boletas-de-pago-LPDerecho.pdf,,
usa.gov,Elecciones primarias presidenciales y “caucus”,https://www.usa.gov/es/elecciones-primarias-caucus,government,2024-01-01
usvotefoundation.org,¿Qué es una elección primaria y cómo funciona?,https://voterhelpdesk.usvotefoundation.org/es/support/solutions/articles/151000049195--qu%C3%A9-es-una-elecci%C3%B3n-primaria-y-c%C3%B3mo-funciona-,,2025-07-17
usa.gov,Proceso de las elecciones presidenciales de EE. UU.,https://www.usa.gov/es/elecciones-presidenciales-estados-unidos,government,
wikipedia.org,"Elección primaria - Wikipedia, la enciclopedia libre",https://es.wikipedia.org/wiki/Elecci%C3%B3n_primaria,,2007-01-27
state.co.us,Preguntas Frecuentes Sobre Elecciones Primarias,https://www.sos.state.co.us/pubs/elections/FAQs/primaryElectionsFAQesp.html,government affiliated,Unknown
usvotefoundation.org,¿Qué son las elecciones primarias y cómo funcionan?,https://voterhelpdesk.usvotefoundation.org/es/support/solutions/articles/151000052679--qu%C3%A9-son-las-elecciones-primarias-y-c%C3%B3mo-funcionan-,,2025-07-17
voteokeechobee.gov,2024 Calendario de Elecciones Elección Primaria,https://www.voteokeechobee.gov/LinkClick.aspx?fileticket=97Pdh6hYEow%3D&tabid=19610&portalid=76,government,Unknown
countyofmonterey.gov,5 de Marzo de 2024 Elecciones Primarias Presidenciales,https://www.countyofmonterey.gov/government/departments-a-h/elections/elecciones/elecciones-descripcion-e-1132,government,Unknown
bcn.cl,Elecciones primarias,https://www.bcn.cl/portal/leyfacil/recurso/elecciones-primarias,,2014-11-27
maricopa.gov,Solicita una boleta por correo,https://elections.maricopa.gov/es/voting/request-mail-ballot.html,government,Unknown
maricopa.gov,¿Qué incluye mi boleta?,https://elections.maricopa.gov/es/candidates/what-is-on-my-ballot.html,government,Unknown
vote411.org,Arizona Voting Information,https://www.vote411.org/es/arizona,,2025-07-07
cnn.com,Así es la papeleta para votar en las elecciones ...,https://cnnespanol.cnn.com/2024/10/21/papeleta-boleta-votar-elecciones-presidenciales-ee-uu-2024-trax,,2024-11-03
usa.gov,Use las guías de votantes y boletas de muestra para ...,https://www.usa.gov/es/candidatos-guias-votar-boletas-muestra,government,2024-01-01
votecolumbia.com,Guía del Votante 2024,https://www.votecolumbia.com/Portals/Columbia/Documents/2024%20Spanish%20Voter%20Guide%20final.pdf?ver=Y9pPhsGrcdTs8rMlJCbcMA%3D%3D,,Unknown
sbcounty.gov,Elecciones Generales del 2024 – Registro de Votantes del ...,https://elections.sbcounty.gov/es/elections/2024/1105/,government,2025-06-24
usa.gov,Cómo registrarse para votar en Estados Unidos,https://www.usa.gov/es/registro-inscripcion-votar,government,2024-01-01
state.co.us,Preguntas comunes sobre las elecciones generales de 2024,https://www.sos.state.co.us/pubs/elections/FAQs/CommonEsp.html,government affiliated,Unknown
nytimes.com,Estos son los aspirantes a las elecciones presidenciales ...,https://www.nytimes.com/es/interactive/2023/espanol/elecciones-2024-usa-candidatos.html,,Unknown
wfla.com,¿Quién está corriendo para presidente? Vea un resumen ...,https://www.wfla.com/tampa-hoy/politica/quien-esta-corriendo-para-presidente-vea-un-resumen-de-los-candidatos-para-2024/,,Unknown
maricopa.gov,Postulación de candidaturas,https://elections.maricopa.gov/es/candidates/running-for-office.html,government,Unknown
ocfelections.com,Candidatos a elecciones de 2024,https://es.ocfelections.com/2024-election-candidates,,Unknown
youtube.com,ESTADOS UNIDOS: Los candidatos republicanos que van por ...,https://www.youtube.com/watch?v=6EYjWBpPLfs,,2023-06-08
harrisvotes.com,Candidatos,https://www.harrisvotes.com/es-us/Candidates,,2025-01-01
telemundo51.com,¿Quiénes son los candidatos que se enfrenta a Daniella ...,https://www.telemundo51.com/noticias/local/quienes-son-los-candidatos-que-se-enfrentan-a-daniella-levine-cava-por-la-alcaldia-de-miami-dade/2568771/,,2024-08-15
vozdeamerica.com,¿Quiénes aspiran a la presidencia de EEUU en 2024 y ...,https://www.vozdeamerica.com/a/aspirantes-a-nominaciones-elecciones-presidenciales-eeuu-2024/7125202.html,,2023-06-08
cnn.com,Estos son los aspirantes en la carrera por la candidatura ...,https://cnnespanol.cnn.com/2024/01/15/republicanos-aspirantes-elecciones-presidenciales-2024-trax,,2024-01-15
realinstitutoelcano.org,"Elecciones en Estados Unidos: campaña, transición e ...",https://www.realinstitutoelcano.org/analisis/elecciones-en-estados-unidos-campanya-transicion-e-investidura/,,2024-12-16
kathleencamara.com,Kathleen Camara for Senate,https://kathleencamara.com/,,2024-01-01
wikipedia.org,Cámara de Representantes de los Estados Unidos,https://es.wikipedia.org/wiki/C%C3%A1mara_de_Representantes_de_los_Estados_Unidos,,2006-07-08
usa.gov,Cámara de Representantes de Estados Unidos,https://www.usa.gov/es/agencias/camara-de-representantes-de-estados-unidos,government,
guides.vote,Cámara de Representantes de los Estados Unidos 2017- ...,https://guides.vote/guide/camara-de-representantes-de-los-estados-unidos-2017-2024,,2024-09-08
lanacion.com.ar,Cuántos miembros demócratas hay en la Cámara de ...,https://www.lanacion.com.ar/estados-unidos/cuantos-miembros-democratas-hay-en-la-camara-de-representantes-nid22102024/,,2024-11-04
calmatters.org,Cámara de Representantes de California en Estados Unidos,https://calmatters.org/es/guia-para-votantes-de-california-2024/casa-de-representantes/,,Unknown
wikipedia.org,Anexo:Miembros de la Cámara de Representantes de los ...,https://es.wikipedia.org/wiki/Anexo:Miembros_de_la_C%C3%A1mara_de_Representantes_de_los_Estados_Unidos,,2025-06-28
ncdp.org,Demócratas de la Cámara de Representantes,https://www.ncdp.org/es/leaders/house/,,2025-02-18
senate.gov,U.S. Senate,https://www.senate.gov/,government,2025-07-17
house.gov,Directory of Representatives,http://www.house.gov/representatives,government,2001-01-01
usa.gov,"Cómo, cuándo y dónde votar",https://www.usa.gov/es/como-votar-en-estados-unidos,government,
vote411.org,Arizona Voting Information,https://www.vote411.org/es/arizona,,2025-07-07
wi.gov,Buscar mi lugar de votación,https://myvote.wi.gov/es-es/Find-My-Polling-Place,government,Unknown
maricopa.gov,Lista de votación anticipada activa,https://elections.maricopa.gov/es/voting/active-early-voting-list.html,government,Unknown
azcleanelections.gov,Votantes sin dirección | Comisión de Elecciones Limpias ...,https://www.azcleanelections.gov/es/how-to-vote/voters-without-an-address,government,2024-01-01
usa.gov,Votación anticipada,https://www.usa.gov/es/voto-por-adelantado,government,2024-01-01
maricopa.gov,¿Dónde puedo votar?,https://elections.maricopa.gov/es/voting/where-to-vote.html,government,Unknown
epcountyvotes.com,"Lugares de Votación Adelantada - El Paso County, TX ...",https://es.epcountyvotes.com/voter-information/early-voting-locations,,2025-05-03
ocfelections.com,Votación Temprana,https://es.ocfelections.com/early-voting,,2000-01-01
makeaplantovote.com,Find Your Closest Early Voting Location - Make A Plan To Vote,https://makeaplantovote.com/es/early/,,2024-10-24
porquienvoto.org.gt,¿Por Quién Voto?,https://porquienvoto.org.gt/,,2025-02-17
usa.gov,Decida por quién votar,https://www.usa.gov/es/informacion-sobre-candidatos,government,
ine.mx,COMO SABER POR QUIEN VOTAR Y POR QUE.,https://repositoriodocumental.ine.mx/xmlui/handle/123456789/113675,,2003-06-11
usa.gov,Requisitos para votar en Estados Unidos: quién puede y ...,https://www.usa.gov/es/requisitos-votar,government,2022-05-19
wi.gov,Ver mi actividad de votación,https://myvote.wi.gov/es-es/My-Voter-Info,government,Unknown
facebook.com,¿Por quién voto?,https://www.facebook.com/porquienvotogt/?locale=es_LA,,2000-01-01
vote411.org,Carolina del Norte Voting Information,https://www.vote411.org/es/north-carolina,,2025-01-01
elmostrador.cl,¿Por quién votar?,https://www.elmostrador.cl/noticias/opinion/columnas/2024/10/25/por-quien-votar/,,2024-10-25
nycvotes.org,Voto por orden de preferencia,https://spanish.nycvotes.org/how-to-vote/ranked-choice-voting/,,2019-01-01
porquienvoto.org.gt,Test,https://porquienvoto.org.gt/?page_id=2933,,Unknown
wi.gov,Buscar mi lugar de votación,https://myvote.wi.gov/es-es/Find-My-Polling-Place,government,Unknown
usa.gov,Encuentre el centro de votación donde le toca votar,https://www.usa.gov/es/encontrar-centro-de-votacion,government,2024-01-01
maricopa.gov,¿Dónde puedo votar?,https://elections.maricopa.gov/es/voting/where-to-vote.html,government,Unknown
vote411.org,Arizona Voting Information,https://www.vote411.org/es/arizona,,2025-07-07
headcount.org,Encuentre su centro de votación,https://www.headcount.org/es/find-your-polling-place/,,2024-12-04
usa.gov,"Cómo, cuándo y dónde votar",https://www.usa.gov/es/como-votar-en-estados-unidos,government,
vote.gov,Regístrese para votar en su estado,https://vote.gov/es,government,2024-07-01
phoenix.gov,Votar en los Centros de Votación,https://www.phoenix.gov/votar-en-los-centros-de-votaci%C3%B3n,government,Unknown
harrisvotes.com,Centros de Votación,https://www.harrisvotes.com/es-us/Vote-Centers,,
attorneygeneral.gov,¿Dónde voto? Debe votar en el lugar de votación del ...,https://www.attorneygeneral.gov/wp-content/uploads/2018/04/Derechos-de-los-votantes.pdf,government,
usa.gov,Votaciones y elecciones,https://www.usa.gov/es/votaciones-y-elecciones,government,2024-01-01
vote411.org,Arizona Voting Information,https://www.vote411.org/es/arizona,,2025-07-07
maricopa.gov,¿Dónde puedo votar?,https://elections.maricopa.gov/es/voting/where-to-vote.html,government,Unknown
vote.gov,Regístrese para votar en su estado,https://vote.gov/es,government,2024-07-01
usa.gov,"Cómo, cuándo y dónde votar",https://www.usa.gov/es/como-votar-en-estados-unidos,government,
maricopa.gov,Resultados electorales,https://elections.maricopa.gov/es/results-and-data/election-results.html,government,2025-04-28
votoextranjero.mx,Voto presencial,https://votoextranjero.mx/web/vmre/voto-presencial,,2017-01-01
cnn.com,Elecciones en Estados Unidos,https://cnnespanol.cnn.com/category/elecciones-estados-unidos/,,2025-07-17
vote411.org,California Voting Information,https://www.vote411.org/es/california,,2025-01-01
azcleanelections.gov,Encontrar mis candidatos,https://www.azcleanelections.gov/es/find-my-candidates,government,2024-01-01
ine.mx,"¡Candidatas y Candidatos, Conóceles!",https://candidaturas.ine.mx/,,
vote411.org,Arizona Voting Information,https://www.vote411.org/es/arizona,,2025-07-07
maricopa.gov,Postulación de candidaturas,https://elections.maricopa.gov/es/candidates/running-for-office.html,government,Unknown
maricopa.gov,¿Qué incluye mi boleta?,https://elections.maricopa.gov/es/candidates/what-is-on-my-ballot.html,government,Unknown
ine.mx,"Candidatas y Candidatos, Conóceles Locales 2024",https://ine.mx/voto-y-elecciones/elecciones-2024/candidatas-y-candidatos-locales-2024/,,2025-04-04
vote411.org,Información Electoral que Necesita,https://www.vote411.org/es,,2025-01-01
vote.gov,Regístrese para votar en su estado,https://vote.gov/es,government,2024-07-01
azcleanelections.gov,Verificar mi registro de votante,https://www.azcleanelections.gov/es/verify-my-voter-registration,government,2024-01-01
usa.gov,Use las guías de votantes y boletas de muestra para ...,https://www.usa.gov/es/candidatos-guias-votar-boletas-muestra,government,2024-01-01
amnesty.org,Derecho al aborto - Amnistía Internacional,https://www.amnesty.org/es/what-we-do/sexual-and-reproductive-rights/abortion-facts/,,2024-11-25
brennancenter.org,Estos son los estados donde se podría votar sobre el ...,https://www.brennancenter.org/node/10883,,2024-02-14
plannedparenthood.org,Pensando en tener un aborto,https://www.plannedparenthood.org/es/temas-de-salud/aborto/pensando-tener-un-aborto,,Unknown
calmatters.org,Kamala Harris puso el aborto como tema central de las ...,https://calmatters.org/calmatters-en-espanol/2024/08/kamala-harris-aborto-elecciones-california-candidata-derechos-planned-parenthood/,,2024-08-22
plannedparenthood.org,¿Qué significa “proelección” (pro-choice) y “provida” ...,https://www.plannedparenthood.org/es/blog/que-significa-proeleccion-pro-choice-y-provida-pro-life,,Unknown
floridiansprotectingfreedom.com,El Tribunal Supremo de Florida determina que la ...,https://floridiansprotectingfreedom.com/es/el-tribunal-supremo-de-florida-determina-que-la-enmienda-sobre-el-aborto-estara-en-la-boleta-elect/,,2024-04-01
aclu.org,El Derecho de Escoger -- Derechos de Reproduccion,https://www.aclu.org/el-derecho-de-escoger-derechos-de-reproduccion,,Unknown
wa.gov,Preguntas frecuentes sobre el aborto,https://doh.wa.gov/es/you-and-your-family-salud-sexual-y-reproductiva-aborto/preguntas-frecuentes-sobre-el-aborto,government,Unknown
univision.com,El aborto será clave en las elecciones de noviembre,https://www.univision.com/noticias/elecciones-en-estados-unidos-2024/aborto-tema-clave-elecciones-eeuu-2024-que-estados-votaran-medidas,,2024-04-13
france24.com,"Derecho al aborto, ¿un parteaguas en las presidenciales ...",https://www.france24.com/es/ee-uu-y-canad%C3%A1/20241021-derecho-al-aborto-un-parteaguas-en-las-presidenciales-estadounidenses,,2024-10-21
reverso.net,"Translation of ""carrera electoral"" in English",https://context.reverso.net/translation/spanish-english/carrera+electoral,,Unknown
youtube.com,La vertiginosa carrera electoral en EE.UU.: una sucesión de ...,https://www.youtube.com/watch?v=MwXkKjB5LY4,,2024-07-21
cnn.com,"Election 2024: Campaign news, presidential polls and results",https://www.cnn.com/election/2024,,2023-08-18
ine.mx,Servicio Profesional Electoral Nacional,https://portalanterior.ine.mx/archivos3/portal/historico/contenido/interiores/Menu_Principal-id-DESPEN_Que_es/,,2000-01-01
te.gob.mx,Carrera Judicial y convocatorias,https://www.te.gob.mx/eje/front/Carrera,,
youtube.com,Carrera electoral en Estados Unidos: Habla Donald Trump ...,https://www.youtube.com/watch?v=48tnH73eskU,,2024-08-21
vozdeamerica.com,Harris y Trump compiten por siete estados al final de ...,https://www.vozdeamerica.com/a/harris-y-trump-compiten-por-siete-estados-en-la-carrera-electoral-final/7829952.html,,2024-10-21
te.gob.mx,Escuela Judicial Electoral,https://www.te.gob.mx/eje/,,
reuters.com,"2024 U.S. Elections News | Top Headlines, Latest Polls & ...",https://www.reuters.com/world/us/elections/,,Unknown
soundcloud.com,La Carrera Electoral En Estados Unidos,https://soundcloud.com/futurock/la-carrera-electoral-en-estados-unidos,,2024-07-21
usa.gov,Averigüe si está registrado para votar en EE. UU.,https://www.usa.gov/es/averigue-si-esta-registrado-para-votar,government,2024-01-01
usa.gov,Proceso de registro para votar en Estados Unidos,https://www.usa.gov/es/registro-votar-estados-unidos,government,
vote.gov,Regístrese para votar en su estado,https://vote.gov/es,government,2024-07-01
azcleanelections.gov,Verificar mi registro de votante,https://www.azcleanelections.gov/es/verify-my-voter-registration,government,2024-01-01
ine.mx,Sistema de Registro para Votar desde el Extranjero,https://votoextranjero.ine.mx/,,Unknown
wi.gov,Ver mi actividad de votación,https://myvote.wi.gov/es-es/My-Voter-Info,government,Unknown
vote.gov,Regístrese para votar en las elecciones de EE. UU.,https://vote.gov/es/registrar,government,2024-10-01
headcount.org,¿Estoy inscrito para votar?,https://www.headcount.org/es/verify-voter-registration/,,2025-07-02
wi.gov,Registrarse para votar,https://myvote.wi.gov/es-es/Register-To-Vote,government,Unknown
maricopa.gov,Inscríbete para votar - Registro electoral,https://elections.maricopa.gov/es/voter-registration/register-to-vote.html,government,Unknown
senate.gov,U.S. Senate,https://www.senate.gov/,government,2025-07-17
wikipedia.org,Senado de los Estados Unidos,https://es.wikipedia.org/wiki/Senado_de_los_Estados_Unidos,,2005-11-19
senate.gov,U.S. Senate: Leadership & Officers,https://www.senate.gov/senators/leadership.htm,government,2025-02-19
nytimes.com,Los números no favorecen a los demócratas en el Senado,https://www.nytimes.com/es/2024/10/10/espanol/estados-unidos/elecciones-senado-2024-encuestas.html,,Unknown
wikipedia.org,Líderes de la Mayoría y Minoría del Senado de los Estados ...,https://es.wikipedia.org/wiki/L%C3%ADderes_de_la_Mayor%C3%ADa_y_Minor%C3%ADa_del_Senado_de_los_Estados_Unidos,,2010-09-07
texas.gov,El Senado de Texas – Senadores de Texas,https://senate.texas.gov/directory.php?lang=es,government,2000-01-01
calmatters.org,Senado estatal - Elecciones de California de 2024,https://calmatters.org/es/guia-para-votantes-de-california-2024/senado-estatal/,,Unknown
ca.gov,La Líder del Senado Atkins Anuncia Equipo de Liderazgo ...,https://sd39.senate.ca.gov/la-l%C3%ADder-del-senado-atkins-anuncia-equipo-de-liderazgo-dem%C3%B3crata-comit%C3%A9-de-normas-del-senado-para-la,government,Unknown
pasenate.com,Senadores - Demócratas del Senado de Pensilvania,https://pasenate.com/es/senators/,,2025-06-05
usa.gov,Senado de Estados Unidos,https://www.usa.gov/es/agencias/senado-de-estados-unidos,government,
calmatters.org,El aborto no está en la boleta electoral en California pero ...,https://calmatters.org/calmatters-en-espanol/2024/10/democratas-contiendas-derecho-aborto-amenazado-boleta-electoral-candidatos-california/,,2024-10-15
jpost.com,Kamala Harris recibirá menos votos judíos que candidatos ...,https://www.jpost.com/spanish/article-825434,,2024-10-21
sfchronicle.com,Guía para votantes para las elecciones primarias de 2024 ...,https://www.sfchronicle.com/projects/2024/california-guia-electoral-elecciones-primarias/,,2024-02-21
plannedparenthood.org,¿Qué significa “proelección” (pro-choice) y “provida” ...,https://www.plannedparenthood.org/es/blog/que-significa-proeleccion-pro-choice-y-provida-pro-life,,Unknown
calmatters.org,Los demócratas de California creen que el tema del aborto ...,https://calmatters.org/calmatters-en-espanol/2024/10/democratas-republicanos-derecho-aborto-congreso-distritos-clave/,,2024-10-21
guides.vote,2024 California (CA-45) Cámara de Representantes,https://guides.vote/guide/2024-california-ca-45-camara-de-representantes,,2024-09-29
nycvotes.org,Kamillah Hanks,https://spanish.nycvotes.org/whats-on-the-ballot/2023-general-election/city-council/profile/?candidateId=1996&electionCycle=2023&districtID=49&boroughCode=%20&officeType=5&partyId=D&bannerTitle=Kamillah%20Hanks&geoAreaAbbr=&officelevel=1,,2023-01-01
coalicionporelevangelio.org,Cómo el partido republicano de Estados Unidos se ...,https://www.coalicionporelevangelio.org/articulo/partido-republicano-aborto/,,2024-07-22
sbcounty.gov,2024 Elecciones Primarias Presidenciales,https://uploads.rov.sbcounty.gov/ROV/es/Elections/2024/0305/VIG-CMBSP.pdf,government,
usgovcloudapi.net,VOTANTES,https://storageccec.blob.core.usgovcloudapi.net/public/docs/1028-Web_Spanish_AllDistricts_FINAL.pdf,,
ine.mx,Servicio Profesional Electoral Nacional,https://portalanterior.ine.mx/archivos3/portal/historico/contenido/interiores/Menu_Principal-id-DESPEN_Que_es/,,2000-01-01
cnn.com,"Election 2024: Campaign news, presidential polls and results",https://www.cnn.com/election/2024,,2023-08-18
vozdeamerica.com,Harris y Trump compiten por siete estados al final de ...,https://www.vozdeamerica.com/a/harris-y-trump-compiten-por-siete-estados-en-la-carrera-electoral-final/7829952.html,,2024-10-21
youtube.com,Carrera electoral en Estados Unidos: Habla Donald Trump ...,https://www.youtube.com/watch?v=48tnH73eskU,,2024-08-21
reuters.com,"2024 U.S. Elections News | Top Headlines, Latest Polls & ...",https://www.reuters.com/world/us/elections/,,Unknown
reverso.net,"Translation of ""carrera electoral"" in English",https://context.reverso.net/translation/spanish-english/carrera+electoral,,Unknown
te.gob.mx,Escuela Judicial Electoral,https://www.te.gob.mx/eje/,,
npr.org,"Swing state map: Polls move in Trump's direction, but the ...",https://www.npr.org/2024/10/15/nx-s1-5153420/swing-state-map-donald-trump-kamala-harris-polls,,2024-10-15
youtube.com,La vertiginosa carrera electoral en EE.UU.: una sucesión de ...,https://www.youtube.com/watch?v=MwXkKjB5LY4,,2024-07-21
te.gob.mx,Carrera Judicial y convocatorias,https://www.te.gob.mx/eje/front/Carrera,,
elpais.com,Compare las propuestas de los candidatos a la ...,https://elpais.com/mexico/elecciones-mexicanas/2024-05-31/compare-las-propuestas-de-los-candidatos-a-la-presidencia-de-mexico-2024.html,,2024-05-31
swissinfo.ch,Serie previa de las elecciones presidenciales de EEUU,https://www.swissinfo.ch/spa/serie-previa-de-las-elecciones-presidenciales-de-eeuu/87800397,,2024-10-25
afj.org,Promoción y defensa de causas en años electorales,https://afj.org/wp-content/uploads/2018/06/Promocion_y_Defensa_de_Causas_en_Anos_Electorales_Cuestionarios_Sobre_Candidatos-1-2.pdf,,
vozdeamerica.com,¿Qué dicen los candidatos a la presidencia de EEUU ...,https://www.vozdeamerica.com/a/que-dicen-los-candidatos-a-la-presidencia-de-eeuu-sobre-el-control-de-armas-/7828141.html,,2024-10-18
usip.org,Un avance sobre las elecciones de 2024 en América Latina,https://www.usip.org/publications/2024/01/un-avance-sobre-las-elecciones-de-2024-en-america-latina,government affiliated,2024-01-22
iadb.org,PERSPECTIVAS DE INVESTIGACIÓN,https://publications.iadb.org/publications/spanish/document/Perspectivas-de-investigacion-Promueve-la-elegibilidad-para-votar-un-interes-en-los-asuntos-electorales-y-los-candidatos.pdf,,Unknown
x.com,Perspectivas Históricas,https://x.com/PerspectivasH11/status/1848786401984221191,,Unknown
infobae.com,Elecciones en Estados Unidos: los candidatos que ...,https://www.infobae.com/estados-unidos/2024/10/07/elecciones-estados-unidos-2024-los-candidatos-que-aparecen-en-las-boletas-presidenciales/,,2024-10-07
cnn.com,Encuestas de CNN en seis estados en disputa revelan que ...,https://cnnespanol.cnn.com/2024/09/04/encuestas-cnn-seis-estados-disputa-georgia-pensilvania-elecciones-trax/,,2024-09-04
maricopa.gov,Postulación de candidaturas,https://elections.maricopa.gov/es/candidates/running-for-office.html,government,Unknown
ine.mx,"¡Candidatas y Candidatos, Conóceles!",https://candidaturas.ine.mx/,,
azcleanelections.gov,Encontrar mis candidatos,https://www.azcleanelections.gov/es/find-my-candidates,government,2024-01-01
maricopa.gov,¿Qué incluye mi boleta?,https://elections.maricopa.gov/es/candidates/what-is-on-my-ballot.html,government,Unknown
ine.mx,"Candidatas y Candidatos, Conóceles Locales 2024",https://ine.mx/voto-y-elecciones/elecciones-2024/candidatas-y-candidatos-locales-2024/,,2025-04-04
jne.gob.pe,Listas Municipales Distritales,https://plataformaelectoral.jne.gob.pe/candidatos/candidatos-distritales/buscar,,Unknown
servel.cl,Conoce a tus candidatos para las Elecciones Regionales y ...,https://www.servel.cl/2024/10/01/conoce-a-tus-candidatos-para-las-elecciones-regionales-y-municipales-de-octubre/,,2024-10-01
ocvote.gov,Solicitudes de Candidatos - Preguntas Frecuentes (FAQs),https://ocvote.gov/es/faqs/online-candidate-filing-faqs,government,2020-01-01
ocfelections.com,Convertirse en un Candidato,https://es.ocfelections.com/become-candidate,,2000-01-01
sbcounty.gov,Funcionarios Electos y Candidatos,https://elections.sbcounty.gov/es/elected-officials-candidates/,government,2025-01-01
maricopa.gov,¿Dónde puedo votar?,https://elections.maricopa.gov/es/voting/where-to-vote.html,government,Unknown
wi.gov,Buscar mi lugar de votación,https://myvote.wi.gov/es-es/Find-My-Polling-Place,government,Unknown
usa.gov,"Cómo, cuándo y dónde votar",https://www.usa.gov/es/como-votar-en-estados-unidos,government,
maricopa.gov,Inscríbete para votar - Registro electoral,https://elections.maricopa.gov/es/voter-registration/register-to-vote.html,government,Unknown
vote.gov,Register to vote in your state | Vote.gov,https://vote.gov/,government,2024-07-01
usa.gov,Cómo votar el día de las elecciones,https://www.usa.gov/es/votar-dia-elecciones,government,
ine.mx,para votar en las,https://votoextranjero.ine.mx/srve_ciudadano/app/ciudadano/onboard,,Unknown
votoextranjero.mx,Preguntas frecuentes - VMRE,https://votoextranjero.mx/web/vmre/preguntas-frecuentes,,2017-01-01
vote.gov,Cómo votar en Estados Unidos,https://vote.gov/es/guide-to-voting,government,2024-06-01
attorneygeneral.gov,¿Dónde voto? Debe votar en el lugar de votación del ...,https://www.attorneygeneral.gov/wp-content/uploads/2018/04/Derechos-de-los-votantes.pdf,government,
amazon.com,Caja de boleta de colección de donaciones para rifas ...,https://www.amazon.com/-/es/donaciones-reutilizable-resistente-comentarios-sugerencias/dp/B073V4LTMT,,2025-01-01
electionsource.com,Caja de entrega de boletas en la pared,https://electionsource.com/es/products/on-wall-ballot-drop-box,,2023-02-17
ebay.com,Las mejores ofertas en Caja de donación,https://gt.ebay.com/b/Donation-Box/1304/bn_55188753,,2025-07-17
etsy.com,Caja de recolección con cerradura con cerrojo 10x 10x 10 ...,https://www.etsy.com/es/listing/715970788/collection-box-lockable-with-hasp-10x,,Unknown
countyofventura.org,Ubicaciones de Las Cajas de Entrega de Boletas,https://recorder.countyofventura.org/wp-content/uploads/2023/09/DBL_Spanish.pdf,,Unknown
votetexas.gov,Votación: una guía de información: Boleta de papel,https://www.votetexas.gov/es/systemas/index.html,government,Unknown
mercadolibre.cl,Caja Con Boleta Electronica | MercadoLibre,https://listado.mercadolibre.cl/caja-con-boleta-electronica,,2024-11-07
mercadolibre.com.co,Caja De Boletas | MercadoLibre,https://listado.mercadolibre.com.co/caja-de-boletas,,2023-01-01
lacaja.com.pe,https://www.lacaja.com.pe/web/guest/aprende-a-como...,https://www.lacaja.com.pe/web/guest/aprende-a-como-acceder-a-tus-boletas,,2024-01-10
elpais.com,Compare las propuestas de los candidatos a la ...,https://elpais.com/mexico/elecciones-mexicanas/2024-05-31/compare-las-propuestas-de-los-candidatos-a-la-presidencia-de-mexico-2024.html,,2024-05-31
usip.org,Un avance sobre las elecciones de 2024 en América Latina,https://www.usip.org/publications/2024/01/un-avance-sobre-las-elecciones-de-2024-en-america-latina,government affiliated,2024-01-22
afj.org,Promoción y defensa de causas en años electorales,https://afj.org/wp-content/uploads/2018/06/Promocion_y_Defensa_de_Causas_en_Anos_Electorales_Cuestionarios_Sobre_Candidatos-1-2.pdf,,
iadb.org,PERSPECTIVAS DE INVESTIGACIÓN,https://publications.iadb.org/publications/spanish/document/Perspectivas-de-investigacion-Promueve-la-elegibilidad-para-votar-un-interes-en-los-asuntos-electorales-y-los-candidatos.pdf,,Unknown
x.com,Perspectivas Históricas,https://x.com/PerspectivasH11/status/1848786401984221191,,Unknown
cnn.com,Encuestas de CNN en seis estados en disputa revelan que ...,https://cnnespanol.cnn.com/2024/09/04/encuestas-cnn-seis-estados-disputa-georgia-pensilvania-elecciones-trax/,,2024-09-04
nielsen.com,Las elecciones estadounidenses se ganan primero en los ...,https://www.nielsen.com/es/insights/2024/how-will-candidates-use-political-advertising-dollars/,,2024-09-11
youtube.com,✅¿Quién será el SUCESOR de JOE BIDEN? | Los posibles ...,https://m.youtube.com/watch?v=iw98bgPGbCw,,2024-07-20
thenevadaindependent.com,Candidato presidencial Robert F. Kennedy Jr. promociona ...,https://thenevadaindependent.com/article/candidato-presidencial-robert-f-kennedy-jr-promociona-su-enfoque-antisistema-en-las-vegas,,2024-07-13
cnn.com,"Elecciones de EE.UU. en 2024, en vivo: última hora y ...",https://cnnespanol.cnn.com/2024/10/25/noticias-elecciones-eeuu-2024-trump-harris-en-vivo-trax-5/,,2024-10-25
bbc.com,"Erie, el ""condado bumerán"" que (casi siempre) vota por ...",https://www.bbc.com/mundo/articles/cgl42nlj6r5o,,2024-10-25
cnn.com,Elecciones en Estados Unidos,https://cnnespanol.cnn.com/category/elecciones-estados-unidos/,,2025-07-17
maricopa.gov,Resultados electorales,https://elections.maricopa.gov/es/results-and-data/election-results.html,government,2025-04-28
latimes.com,Los medios de comunicación no organizan las elecciones ...,https://www.latimes.com/espanol/eeuu/articulo/2024-10-25/los-medios-de-comunicacion-no-organizan-las-elecciones-de-eeuu-por-que-anuncian-a-los-ganadores,,2024-10-25
elpais.com,Elecciones México,https://elpais.com/noticias/elecciones-mexico/,,2025-07-10
usa.gov,Votaciones y elecciones,https://www.usa.gov/es/votaciones-y-elecciones,government,2024-01-01
wi.gov,Buscar mi lugar de votación,https://myvote.wi.gov/es-es/Find-My-Polling-Place,government,Unknown
usa.gov,Encuentre el centro de votación donde le toca votar,https://www.usa.gov/es/encontrar-centro-de-votacion,government,2024-01-01
maricopa.gov,¿Dónde puedo votar?,https://elections.maricopa.gov/es/voting/where-to-vote.html,government,Unknown
vote411.org,Arizona Voting Information,https://www.vote411.org/es/arizona,,2025-07-07
usa.gov,Directorio de oficinas de elecciones estatales y locales,https://www.usa.gov/es/oficina-elecciones-estatal-local,government,
headcount.org,Encuentre su centro de votación,https://www.headcount.org/es/find-your-polling-place/,,2024-12-04
vote.gov,Regístrese para votar en su estado,https://vote.gov/es,government,2024-07-01
votoextranjero.mx,Voto presencial,https://votoextranjero.mx/web/vmre/voto-presencial,,2017-01-01
ca.gov,Centros de votación y lugares para entregar la boleta - ...,https://voterstatus.sos.ca.gov/ES/VoteCenters/5030,government,2025-01-01
harrisvotes.com,Centros de Votación,https://www.harrisvotes.com/es-us/Vote-Centers,,
maricopa.gov,¿Dónde puedo votar?,https://elections.maricopa.gov/es/voting/where-to-vote.html,government,Unknown
phoenix.gov,Votar en los Centros de Votación,https://www.phoenix.gov/votar-en-los-centros-de-votaci%C3%B3n,government,Unknown
wi.gov,Buscar mi lugar de votación,https://myvote.wi.gov/es-es/Find-My-Polling-Place,government,Unknown
usa.gov,Encuentre el centro de votación donde le toca votar,https://www.usa.gov/es/encontrar-centro-de-votacion,government,2024-01-01
maricopa.gov,Elecciones del Condado de Maricopa,https://elections.maricopa.gov/es/,government,Unknown
vote411.org,Arizona Voting Information,https://www.vote411.org/es/arizona,,2025-07-07
vote.gov,Regístrese para votar en su estado,https://vote.gov/es,government,2024-07-01
usa.gov,"Cómo, cuándo y dónde votar",https://www.usa.gov/es/como-votar-en-estados-unidos,government,
headcount.org,Encuentre su centro de votación,https://www.headcount.org/es/find-your-polling-place/,,2024-12-04
votoextranjero.mx,Voto presencial,https://votoextranjero.mx/web/vmre/voto-presencial,,2017-01-01
nytimes.com,Estos son los aspirantes a las elecciones presidenciales ...,https://www.nytimes.com/es/interactive/2023/espanol/elecciones-2024-usa-candidatos.html,,Unknown
wikipedia.org,Primarias presidenciales del Partido Republicano de 2024,https://es.wikipedia.org/wiki/Primarias_presidenciales_del_Partido_Republicano_de_2024,,2023-01-08
cnn.com,Estos son los aspirantes en la carrera por la candidatura ...,https://cnnespanol.cnn.com/2024/01/15/republicanos-aspirantes-elecciones-presidenciales-2024-trax,,2024-01-15
voteosceola.gov,Candidatos Actuales,https://www.voteosceola.gov/es-us/Candidatos-Actuales,government,Unknown
harrisvotes.com,Candidatos,https://www.harrisvotes.com/es-us/Candidates,,2025-01-01
wikipedia.org,Anexo:Candidatos republicanos a la presidencia de ...,https://es.wikipedia.org/wiki/Anexo:Candidatos_republicanos_a_la_presidencia_de_Estados_Unidos,,1996-01-01
partidorepublicanodechile.cl,Partido Republicano de Chile,https://partidorepublicanodechile.cl/,,2025-07-14
latimes.com,Más de 200 asistentes de candidatos republicanos ...,https://www.latimes.com/espanol/california/articulo/2024-08-27/mas-de-200-asistentes-de-candidatos-republicanos-anteriores-respaldan-a-kamala-harris,,2024-08-27
apnews.com,Más de 200 asistentes de candidatos republicanos ...,https://apnews.com/politics/mas-de-200-asistentes-de-candidatos-republicanos-anteriores-respaldan-a-kamala-harris-b3eb1ae2a562166dbea3b2979b1cf24e,,2024-08-27
ri.gov,Horarios de Votación en Persona,https://vote.sos.ri.gov/ElectionsSpanish/PollingPlaceHours,government,Unknown
vote411.org,Arizona Voting Information,https://www.vote411.org/es/arizona,,2025-07-07
maricopa.gov,¿Dónde puedo votar?,https://elections.maricopa.gov/es/voting/where-to-vote.html,government,Unknown
vote.gov,Cómo votar en Estados Unidos,https://vote.gov/es/guide-to-voting,government,2024-06-01
ktvz.com,Horarios de las elecciones en México 2024: ¿a qué hora ...,https://ktvz.com/cnn-spanish/2024/06/01/horarios-de-las-elecciones-en-mexico-2024-a-que-hora-abren-y-cuando-cierran-las-casillas/,,2024-06-01
usvotefoundation.org,¿Cuándo estará abierto mi colegio electoral? - Voter Help Desk,https://voterhelpdesk.usvotefoundation.org/es/support/solutions/articles/151000049108--cu%C3%A1ndo-abre-mi-centro-de-votaci%C3%B3n-el-d%C3%ADa-de-las-elecciones-,,2025-07-17
santaclaracounty.gov,"Horarios, Ubicaciones y Direcciones",https://vote.santaclaracounty.gov/hours-locations-directions-spanish,government,Unknown
ca.gov,tiempo libre para votar,https://elections.cdn.sos.ca.gov/pdfs/tov-sp.pdf,government,
usa.gov,"Cómo, cuándo y dónde votar",https://www.usa.gov/es/como-votar-en-estados-unidos,government,
seiu775.org,Respaldos en las elecciones de Washington del 2024,https://seiu775.org/es/2024endorsements/,,2024-06-19
yahoo.com,El Washington Post elude respaldar a un candidato por ...,https://es-us.noticias.yahoo.com/washington-post-elude-respaldar-candidato-175008829.html,,2024-10-25
houstonchronicle.com,Respaldos para las elecciones de Texas de 2024,https://www.houstonchronicle.com/projects/2024/respaldos-electorales-de-texas/,,2024-10-17
peoplesalliancepac.org,¿Los candidatos pueden asistir a las reuniones de ...,https://www.peoplesalliancepac.org/_los_candidatos_pueden_asistir_a_las_reuniones_de_respaldo_del_pac_de_pa,,2019-01-01
copalmn.org,COPAL anuncia primer proceso de respaldo de candidatos,https://copalmn.org/es/copal-anuncia-primer-proceso-de-respaldo-de-candidatos/,,2025-01-01
oavotes.org,Anuncio de nuestra primera ronda de respaldos para las elecciones ...,https://oavotes.org/es/2024/04/announcing-our-first-slate-of-2024-primary-election-endorsements/,,2024-04-08
usa.gov,Elecciones primarias presidenciales y “caucus”,https://www.usa.gov/es/elecciones-primarias-caucus,government,2024-01-01
diariolasamericas.com,Saliente tasador anuncia respaldo al candidato ...,https://www.diariolasamericas.com/florida/saliente-tasador-anuncia-respaldo-al-candidato-republicano-tomas-regalado-n5365417,,2024-10-18
consejodeestado.gov.co,REGISTRADURÍA PUEDE REVISAR RESPALDOS A ...,https://www.consejodeestado.gov.co/news/registraduria-puede-revisar-respaldos-a-candidatos/index.htm,,2017-10-01
elnuevodia.com,¿Respaldo de Nydia Velázquez y Alexandria Ocasio ...,https://www.elnuevodia.com/noticias/politica/notas/respaldo-de-nydia-velazquez-y-alexandria-ocasio-cortez-para-los-candidatos-de-la-alianza-de-pais/,,2024-10-14
wi.gov,Buscar mi lugar de votación,https://myvote.wi.gov/es-es/Find-My-Polling-Place,government,Unknown
vote.gov,Regístrese para votar en su estado,https://vote.gov/es,government,2024-07-01
ine.mx,Encuestas Electorales - Instituto Nacional ...,https://ine.mx/voto-y-elecciones/encuestas-electorales/,,2025-05-16
nytimes.com,la precisión de las encuestas depende de quién va a votar,https://www.nytimes.com/es/2024/09/23/espanol/estados-unidos/votantes-registrados-probables-ee-uu.html,,Unknown
x.com,Encuestas de X: cómo crear y cómo votar,https://help.x.com/es/using-x/x-polls,,Unknown
azpbs.org,Encuesta de votantes latinos de Arizona muestra temas ...,https://cronkitenews.azpbs.org/2022/10/28/inflacion-violencia-y-trabajo-prioridades-para-votantes-latinos-revela-encuesta/,,2022-10-28
vote411.org,Arizona Voting Information,https://www.vote411.org/es/arizona,,2025-07-07
bbc.com,"Erie, el ""condado bumerán"" que (casi siempre) vota por ...",https://www.bbc.com/mundo/articles/cgl42nlj6r5o,,2024-10-25
sdvote.com,Survey - Encuesta de Servicio al Cliente,https://www.sdvote.com/content/rov/es/survey.html,,
google.com,Voliz - Crear Encuestas - Apps en Google Play,https://play.google.com/store/apps/details?id=com.voliz&hl=es_CL,,2020-01-03
calmatters.org,El aborto no está en la boleta electoral en California pero ...,https://calmatters.org/calmatters-en-espanol/2024/10/democratas-contiendas-derecho-aborto-amenazado-boleta-electoral-candidatos-california/,,2024-10-15
jpost.com,Kamala Harris recibirá menos votos judíos que candidatos ...,https://www.jpost.com/spanish/article-825434,,2024-10-21
plannedparenthood.org,¿Qué significa “proelección” (pro-choice) y “provida” ...,https://www.plannedparenthood.org/es/blog/que-significa-proeleccion-pro-choice-y-provida-pro-life,,Unknown
sfchronicle.com,Guía para votantes para las elecciones primarias de 2024 ...,https://www.sfchronicle.com/projects/2024/california-guia-electoral-elecciones-primarias/,,2024-02-21
calmatters.org,Los demócratas de California creen que el tema del aborto ...,https://calmatters.org/calmatters-en-espanol/2024/10/democratas-republicanos-derecho-aborto-congreso-distritos-clave/,,2024-10-21
guides.vote,2024 California (CA-45) Cámara de Representantes,https://guides.vote/guide/2024-california-ca-45-camara-de-representantes,,2024-09-29
nycvotes.org,Kamillah Hanks,https://spanish.nycvotes.org/whats-on-the-ballot/2023-general-election/city-council/profile/?candidateId=1996&electionCycle=2023&districtID=49&boroughCode=%20&officeType=5&partyId=D&bannerTitle=Kamillah%20Hanks&geoAreaAbbr=&officelevel=1,,2023-01-01
coalicionporelevangelio.org,Cómo el partido republicano de Estados Unidos se ...,https://www.coalicionporelevangelio.org/articulo/partido-republicano-aborto/,,2024-07-22
usgovcloudapi.net,VOTANTES,https://storageccec.blob.core.usgovcloudapi.net/public/docs/1028-Web_Spanish_AllDistricts_FINAL.pdf,,
sbcounty.gov,2024 Elecciones Primarias Presidenciales,https://uploads.rov.sbcounty.gov/ROV/es/Elections/2024/0305/VIG-CMBSP.pdf,government,
elpais.com,"Aborto, salario mínimo y marihuana: ¿por qué más votarán ...",https://elpais.com/us/2024-09-19/aborto-salario-minimo-y-marihuana-por-que-mas-votaran-los-estados-el-dia-de-la-elecciones-en-estados-unidos.html,,2024-09-19
stf.jus.br,Relatora vota pela descriminalização do aborto até 12 ...,https://portal.stf.jus.br/noticias/verNoticiaDetalhe.asp?idConteudo=514619&ori=1,,Unknown
brennancenter.org,Estos son los estados donde se podría votar sobre el ...,https://www.brennancenter.org/node/10883,,2024-02-14
instagram.com,"Voto Latino | Today and always, abortion care is health ...",https://www.instagram.com/votolatino/p/C8mrXK_Ag3L/,,2024-06-24
stf.jus.br,VOTO A SENHORA MINISTRA ROSA WEBER (RELATORA),https://www.stf.jus.br/arquivo/cms/noticiaNoticiaStf/anexo/Voto.ADPF442.Versa771oFinal.pdf,,Unknown
